{"type": "SampleBatch", "obs": "BCJNGGhAiAAAAAAAAAAcggAAAFKABZV9AAEA8hmMEm51bXB5LmNvcmUubnVtZXJpY5SMC19mcm9tYnVmZmVylJOUKJYILgDBAFCNf0CuR2E/lIwFOADxFpSMBWR0eXBllJOUjAJmNJSJiIeUUpQoSwOMATyUTk5OSv////8FAPAFSwB0lGJLAUsChpSMAUOUdJRSlC4AAAAA", "actions": [[0.6848622560501099, -1.0264902114868164]], "agent_index": [0], "action_logp": [-2.6074509620666504], "action_dist_inputs": [[-0.01031749788671732, 0.002811762737110257, -0.002890957985073328, 0.005705350544303656]], "vf_preds": [-0.011569919064640999], "eps_id": [372409146], "unroll_id": [0], "advantages": [0.6629388928413391], "value_targets": [0.6513689756393433]}
{"type": "SampleBatch", "obs": "BCJNGGhAiAAAAAAAAAAcggAAAFKABZV9AAEA8hmMEm51bXB5LmNvcmUubnVtZXJpY5SMC19mcm9tYnVmZmVylJOUKJYILgDBAEjh3kC4HoU/lIwFOADxFpSMBWR0eXBllJOUjAJmNJSJiIeUUpQoSwOMATyUTk5OSv////8FAPAFSwB0lGJLAUsChpSMAUOUdJRSlC4AAAAA", "actions": [[0.7899550199508667, 1.0501130819320679]], "agent_index": [0], "action_logp": [-2.9058470726013184], "action_dist_inputs": [[0.4582543671131134, 0.03705132380127907, 0.36845532059669495, 0.47455427050590515]], "vf_preds": [0.4547330141067505], "eps_id": [1530426811], "unroll_id": [1], "advantages": [0.34984874725341797], "value_targets": [0.8045817613601685]}
{"type": "SampleBatch", "obs": "BCJNGGhAiAAAAAAAAAAcggAAAFKABZV9AAEA8hmMEm51bXB5LmNvcmUubnVtZXJpY5SMC19mcm9tYnVmZmVylJOUKJYILgDBANEip0AAAIA+lIwFOADxFpSMBWR0eXBllJOUjAJmNJSJiIeUUpQoSwOMATyUTk5OSv////8FAPAFSwB0lGJLAUsChpSMAUOUdJRSlC4AAAAA", "actions": [[-0.43377548456192017, 0.8679925203323364]], "agent_index": [0], "action_logp": [-3.153104066848755], "action_dist_inputs": [[0.559417724609375, 0.7048643231391907, 0.5009890198707581, 0.6293735504150391]], "vf_preds": [0.3872690498828888], "eps_id": [1695848022], "unroll_id": [2], "advantages": [-0.08165273070335388], "value_targets": [0.3056163191795349]}
{"type": "SampleBatch", "obs": "BCJNGGhAiAAAAAAAAAAcggAAAFKABZV9AAEA8hmMEm51bXB5LmNvcmUubnVtZXJpY5SMC19mcm9tYnVmZmVylJOUKJYILgDBALx050D2KFw/lIwFOADxFpSMBWR0eXBllJOUjAJmNJSJiIeUUpQoSwOMATyUTk5OSv////8FAPAFSwB0lGJLAUsChpSMAUOUdJRSlC4AAAAA", "actions": [[0.2356759011745453, 0.02695375680923462]], "agent_index": [0], "action_logp": [-2.633866310119629], "action_dist_inputs": [[0.09779741615056992, 0.38638144731521606, 0.5665102005004883, 0.18148565292358398]], "vf_preds": [0.6119610667228699], "eps_id": [1691075274], "unroll_id": [3], "advantages": [-0.18264704942703247], "value_targets": [0.4293140172958374]}
{"type": "SampleBatch", "obs": "BCJNGGhAiAAAAAAAAAAcggAAAFKABZV9AAEA8hmMEm51bXB5LmNvcmUubnVtZXJpY5SMC19mcm9tYnVmZmVylJOUKJYILgDBAEw3lUDhepQ+lIwFOADxFpSMBWR0eXBllJOUjAJmNJSJiIeUUpQoSwOMATyUTk5OSv////8FAPAFSwB0lGJLAUsChpSMAUOUdJRSlC4AAAAA", "actions": [[-2.3379499912261963, -0.1610737442970276]], "agent_index": [0], "action_logp": [-3.9195117950439453], "action_dist_inputs": [[-0.2803647220134735, 0.830022394657135, 0.5487159490585327, 0.7070620059967041]], "vf_preds": [0.6084598898887634], "eps_id": [1485455843], "unroll_id": [4], "advantages": [-0.4229944348335266], "value_targets": [0.18546545505523682]}
{"type": "SampleBatch", "obs": "BCJNGGhAiAAAAAAAAAAcggAAAFKABZV9AAEA8hmMEm51bXB5LmNvcmUubnVtZXJpY5SMC19mcm9tYnVmZmVylJOUKJYILgDBAOOlO0CPwjU/lIwFOADxFpSMBWR0eXBllJOUjAJmNJSJiIeUUpQoSwOMATyUTk5OSv////8FAPAFSwB0lGJLAUsChpSMAUOUdJRSlC4AAAAA", "actions": [[1.2886940240859985, -2.196451425552368]], "agent_index": [0], "action_logp": [-4.250524997711182], "action_dist_inputs": [[-0.03630741685628891, 0.03936544805765152, 0.29338538646698, 0.32421162724494934]], "vf_preds": [0.7034116983413696], "eps_id": [957145253], "unroll_id": [5], "advantages": [-0.06510394811630249], "value_targets": [0.6383077502250671]}
{"type": "SampleBatch", "obs": "BCJNGGhAiAAAAAAAAAAcggAAAFKABZV9AAEA8hmMEm51bXB5LmNvcmUubnVtZXJpY5SMC19mcm9tYnVmZmVylJOUKJYILgDBANV4oUBSuF4/lIwFOADxFpSMBWR0eXBllJOUjAJmNJSJiIeUUpQoSwOMATyUTk5OSv////8FAPAFSwB0lGJLAUsChpSMAUOUdJRSlC4AAAAA", "actions": [[-0.2634005546569824, -1.2042903900146484]], "agent_index": [0], "action_logp": [-3.258981466293335], "action_dist_inputs": [[-0.5820547342300415, 0.2588672637939453, 0.517541766166687, 0.4525102376937866]], "vf_preds": [0.726750910282135], "eps_id": [84763363], "unroll_id": [6], "advantages": [-0.23093104362487793], "value_targets": [0.4958198666572571]}
{"type": "SampleBatch", "obs": "BCJNGGhAiAAAAAAAAAAcggAAAFKABZV9AAEA8hmMEm51bXB5LmNvcmUubnVtZXJpY5SMC19mcm9tYnVmZmVylJOUKJYILgDBADvf60D2KFw/lIwFOADxFpSMBWR0eXBllJOUjAJmNJSJiIeUUpQoSwOMATyUTk5OSv////8FAPAFSwB0lGJLAUsChpSMAUOUdJRSlC4AAAAA", "actions": [[-2.2920711040496826, 1.1663435697555542]], "agent_index": [0], "action_logp": [-3.297840118408203], "action_dist_inputs": [[-0.9693914651870728, 1.1622847318649292, 0.4773215353488922, 0.6459081768989563]], "vf_preds": [0.6223891973495483], "eps_id": [1635959411], "unroll_id": [7], "advantages": [0.23250550031661987], "value_targets": [0.8548946976661682]}
{"type": "SampleBatch", "obs": "BCJNGGhAiAAAAAAAAAAcggAAAFKABZV9AAEA8hmMEm51bXB5LmNvcmUubnVtZXJpY5SMC19mcm9tYnVmZmVylJOUKJYILgDBAIcWGUBcj8I+lIwFOADxFpSMBWR0eXBllJOUjAJmNJSJiIeUUpQoSwOMATyUTk5OSv////8FAPAFSwB0lGJLAUsChpSMAUOUdJRSlC4AAAAA", "actions": [[-1.7898154258728027, 1.8492822647094727]], "agent_index": [0], "action_logp": [-3.3746793270111084], "action_dist_inputs": [[-0.4342660903930664, 0.9620881080627441, 0.49321550130844116, 0.5768142342567444]], "vf_preds": [0.5658027529716492], "eps_id": [252323141], "unroll_id": [8], "advantages": [-0.07855603098869324], "value_targets": [0.48724672198295593]}
{"type": "SampleBatch", "obs": "BCJNGGhAiAAAAAAAAAAcggAAAFKABZV9AAEA8hmMEm51bXB5LmNvcmUubnVtZXJpY5SMC19mcm9tYnVmZmVylJOUKJYILgDBAPp+7kCamVk/lIwFOADxFpSMBWR0eXBllJOUjAJmNJSJiIeUUpQoSwOMATyUTk5OSv////8FAPAFSwB0lGJLAUsChpSMAUOUdJRSlC4AAAAA", "actions": [[1.8193793296813965, 2.3886706829071045]], "agent_index": [0], "action_logp": [-4.143796920776367], "action_dist_inputs": [[-0.7908527851104736, 1.694319486618042, 0.6079795360565186, 0.6180945634841919]], "vf_preds": [0.2941707372665405], "eps_id": [699602493], "unroll_id": [9], "advantages": [3.8274641036987305], "value_targets": [4.1216349601745605]}
{"type": "SampleBatch", "obs": "BCJNGGhAiAAAAAAAAAAcggAAAFKABZV9AAEA8hmMEm51bXB5LmNvcmUubnVtZXJpY5SMC19mcm9tYnVmZmVylJOUKJYILgDBAEjh+kB7FG4/lIwFOADxFpSMBWR0eXBllJOUjAJmNJSJiIeUUpQoSwOMATyUTk5OSv////8FAPAFSwB0lGJLAUsChpSMAUOUdJRSlC4AAAAA", "actions": [[0.4520571827888489, 0.1968172788619995]], "agent_index": [0], "action_logp": [-3.495758533477783], "action_dist_inputs": [[-0.5888218283653259, 1.6227002143859863, 0.6287734508514404, 0.5042928457260132]], "vf_preds": [3.5291357040405273], "eps_id": [454245763], "unroll_id": [10], "advantages": [-2.9194018840789795], "value_targets": [0.6097338199615479]}
{"type": "SampleBatch", "obs": "BCJNGGhAiAAAAAAAAAAcggAAAFKABZV9AAEA8hmMEm51bXB5LmNvcmUubnVtZXJpY5SMC19mcm9tYnVmZmVylJOUKJYILgDBAJqZEUCF6xE/lIwFOADxFpSMBWR0eXBllJOUjAJmNJSJiIeUUpQoSwOMATyUTk5OSv////8FAPAFSwB0lGJLAUsChpSMAUOUdJRSlC4AAAAA", "actions": [[-0.8128209114074707, 1.8862117528915405]], "agent_index": [0], "action_logp": [-3.3335304260253906], "action_dist_inputs": [[-0.327409029006958, 0.19356000423431396, 0.3600339889526367, 0.31438976526260376]], "vf_preds": [0.34028446674346924], "eps_id": [27011611], "unroll_id": [11], "advantages": [0.36184465885162354], "value_targets": [0.7021291255950928]}
{"type": "SampleBatch", "obs": "BCJNGGhAiAAAAAAAAAAcggAAAFKABZV9AAEA8hmMEm51bXB5LmNvcmUubnVtZXJpY5SMC19mcm9tYnVmZmVylJOUKJYILgDBAFK4+kAAAIA/lIwFOADxFpSMBWR0eXBllJOUjAJmNJSJiIeUUpQoSwOMATyUTk5OSv////8FAPAFSwB0lGJLAUsChpSMAUOUdJRSlC4AAAAA", "actions": [[1.0652892589569092, 3.147994041442871]], "agent_index": [0], "action_logp": [-3.7297582626342773], "action_dist_inputs": [[-0.810962975025177, 2.088803768157959, 0.6866258978843689, 0.5855222940444946]], "vf_preds": [1.0920495986938477], "eps_id": [499491309], "unroll_id": [12], "advantages": [-0.25503188371658325], "value_targets": [0.8370177149772644]}
{"type": "SampleBatch",