{"type": "SampleBatch", "obs": "BCJNGGhAiAAAAAAAAAAcggAAAFKABZV9AAEA8hmMEm51bXB5LmNvcmUubnVtZXJpY5SMC19mcm9tYnVmZmVylJOUKJYILgDBALpJFEAUrkc/lIwFOADxFpSMBWR0eXBllJOUjAJmNJSJiIeUUpQoSwOMATyUTk5OSv////8FAPAFSwB0lGJLAUsChpSMAUOUdJRSlC4AAAAA", "actions": [[0.19051457941532135, -1.122218132019043]], "agent_index": [0], "action_logp": [-2.4842209815979004], "action_dist_inputs": [[-0.009843937121331692, 0.0009330016328021884, -0.003332945052534342, 0.004950284957885742]], "vf_preds": [-0.00981574971228838], "eps_id": [840462941], "unroll_id": [0], "advantages": [0.778735876083374], "value_targets": [0.7689201235771179]}
{"type": "SampleBatch", "obs": "BCJNGGhAiAAAAAAAAAAcggAAAFKABZV9AAEA8hmMEm51bXB5LmNvcmUubnVtZXJpY5SMC19mcm9tYnVmZmVylJOUKJYILgDBAPhTr0DNzMw+lIwFOADxFpSMBWR0eXBllJOUjAJmNJSJiIeUUpQoSwOMATyUTk5OSv////8FAPAFSwB0lGJLAUsChpSMAUOUdJRSlC4AAAAA", "actions": [[-0.25673991441726685, 1.2415966987609863]], "agent_index": [0], "action_logp": [-3.1564321517944336], "action_dist_inputs": [[0.43053680658340454, -0.0014370866119861603, 0.44106608629226685, 0.48948508501052856]], "vf_preds": [0.4394356608390808], "eps_id": [536387590], "unroll_id": [1], "advantages": [0.025867879390716553], "value_targets": [0.46530354022979736]}
{"type": "SampleBatch", "obs": "BCJNGGhAiAAAAAAAAAAcggAAAFKABZV9AAEA8hmMEm51bXB5LmNvcmUubnVtZXJpY5SMC19mcm9tYnVmZmVylJOUKJYILgDBADeJ5UCPwvU+lIwFOADxFpSMBWR0eXBllJOUjAJmNJSJiIeUUpQoSwOMATyUTk5OSv////8FAPAFSwB0lGJLAUsChpSMAUOUdJRSlC4AAAAA", "actions": [[2.6849277019500732, 2.90313720703125]], "agent_index": [0], "action_logp": [-4.514129638671875], "action_dist_inputs": [[0.5456227660179138, 0.7193424105644226, 0.47697314620018005, 0.6009451150894165]], "vf_preds": [0.3635157346725464], "eps_id": [1478418022], "unroll_id": [2], "advantages": [0.23887735605239868], "value_targets": [0.6023930907249451]}
{"type": "SampleBatch", "obs": "BCJNGGhAiAAAAAAAAAAcggAAAFKABZV9AAEA8hmMEm51bXB5LmNvcmUubnVtZXJpY5SMC19mcm9tYnVmZmVylJOUKJYILgDBAOf7yUAzMzM/lIwFOADxFpSMBWR0eXBllJOUjAJmNJSJiIeUUpQoSwOMATyUTk5OSv////8FAPAFSwB0lGJLAUsChpSMAUOUdJRSlC4AAAAA", "actions": [[0.1649346649646759, 3.0135090351104736]], "agent_index": [0], "action_logp": [-4.738252639770508], "action_dist_inputs": [[0.1312277913093567, 0.44765231013298035, 0.5726624131202698, 0.22388160228729248]], "vf_preds": [0.6001842617988586], "eps_id": [1321467963], "unroll_id": [3], "advantages": [0.28222018480300903], "value_targets": [0.8824044466018677]}
{"type": "SampleBatch", "obs": "BCJNGGhAiAAAAAAAAAAcggAAAFKABZV9AAEA8hmMEm51bXB5LmNvcmUubnVtZXJpY5SMC19mcm9tYnVmZmVylJOUKJYILgDBABBYxUAAAEA/lIwFOADxFpSMBWR0eXBllJOUjAJmNJSJiIeUUpQoSwOMATyUTk5OSv////8FAPAFSwB0lGJLAUsChpSMAUOUdJRSlC4AAAAA", "actions": [[-0.18177694082260132, 1.6499013900756836]], "agent_index": [0], "action_logp": [-3.114804744720459], "action_dist_inputs": [[-0.4222065210342407, 0.6700602769851685, 0.5404847860336304, 0.5744787454605103]], "vf_preds": [0.6561683416366577], "eps_id": [127969544], "unroll_id": [4], "advantages": [0.29232311248779297], "value_targets": [0.9484914541244507]}
{"type": "SampleBatch", "obs": "BCJNGGhAiAAAAAAAAAAcggAAAFKABZV9AAEA8hmMEm51bXB5LmNvcmUubnVtZXJpY5SMC19mcm9tYnVmZmVylJOUKJYILgDBAPCnqkA9Ctc+lIwFOADxFpSMBWR0eXBllJOUjAJmNJSJiIeUUpQoSwOMATyUTk5OSv////8FAPAFSwB0lGJLAUsChpSMAUOUdJRSlC4AAAAA", "actions": [[-1.636760950088501, 4.3657708168029785]], "agent_index": [0], "action_logp": [-4.633821487426758], "action_dist_inputs": [[0.0987449660897255, 1.2862519025802612, 0.611653208732605, 0.8184016346931458]], "vf_preds": [0.2097426950931549], "eps_id": [1753474102], "unroll_id": [5], "advantages": [0.27676329016685486], "value_targets": [0.48650598526000977]}
{"type": "SampleBatch", "obs": "BCJNGGhAiAAAAAAAAAAcggAAAFKABZV9AAEA8hmMEm51bXB5LmNvcmUubnVtZXJpY5SMC19mcm9tYnVmZmVylJOUKJYILgDBACUG7UAAAIA/lIwFOADxFpSMBWR0eXBllJOUjAJmNJSJiIeUUpQoSwOMATyUTk5OSv////8FAPAFSwB0lGJLAUsChpSMAUOUdJRSlC4AAAAA", "actions": [[-2.2429518699645996, 1.3919994831085205]], "agent_index": [0], "action_logp": [-3.399961471557617], "action_dist_inputs": [[-0.8849616050720215, 0.6290436387062073, 0.5910659432411194, 0.6007601022720337]], "vf_preds": [0.775371789932251], "eps_id": [287714452], "unroll_id": [6], "advantages": [0.05799603462219238], "value_targets": [0.8333678245544434]}
{"type": "SampleBatch", "obs": "BCJNGGhAiAAAAAAAAAAcggAAAFKABZV9AAEA8hmMEm51bXB5LmNvcmUubnVtZXJpY5SMC19mcm9tYnVmZmVylJOUKJYILgDBAK5HMUB7FG4/lIwFOADxFpSMBWR0eXBllJOUjAJmNJSJiIeUUpQoSwOMATyUTk5OSv////8FAPAFSwB0lGJLAUsChpSMAUOUdJRSlC4AAAAA", "actions": [[1.073246717453003, 0.5303488373756409]], "agent_index": [0], "action_logp": [-2.949970006942749], "action_dist_inputs": [[-0.21915912628173828, 0.20084476470947266, 0.4177834689617157, 0.30251842737197876]], "vf_preds": [0.829235315322876], "eps_id": [1048732066], "unroll_id": [7], "advantages": [3.085475444793701], "value_targets": [3.914710760116577]}
{"type": "SampleBatch", "obs": "BCJNGGhAiAAAAAAAAAAcggAAAFKABZV9AAEA8hmMEm51bXB5LmNvcmUubnVtZXJpY5SMC19mcm9tYnVmZmVylJOUKJYILgDBAEoMqkAUrkc/lIwFOADxFpSMBWR0eXBllJOUjAJmNJSJiIeUUpQoSwOMATyUTk5OSv////8FAPAFSwB0lGJLAUsChpSMAUOUdJRSlC4AAAAA", "actions": [[-1.8525285720825195, -0.8014255166053772]], "agent_index": [0], "action_logp": [-3.534224033355713], "action_dist_inputs": [[-1.0000874996185303, 0.9065201878547668, 0.532558798789978, 0.5935153961181641]], "vf_preds": [0.7363818287849426], "eps_id": [1876325627], "unroll_id": [8], "advantages": [-0.42085331678390503], "value_targets": [0.3155285120010376]}
{"type": "SampleBatch", "obs": "BCJNGGhAiAAAAAAAAAAcggAAAFKABZV9AAEA8hmMEm51bXB5LmNvcmUubnVtZXJpY5SMC19mcm9tYnVmZmVylJOUKJYILgDBAPCn/kBcj0I/lIwFOADxFpSMBWR0eXBllJOUjAJmNJSJiIeUUpQoSwOMATyUTk5OSv////8FAPAFSwB0lGJLAUsChpSMAUOUdJRSlC4AAAAA", "actions": [[2.068430185317993, 1.9524354934692383]], "agent_index": [0], "action_logp": [-4.039749622344971], "action_dist_inputs": [[-0.49948713183403015, 1.7275582551956177, 0.6199617981910706, 0.6203981041908264]], "vf_preds": [0.2546713352203369], "eps_id": [146871314], "unroll_id": [9], "advantages": [3.6860671043395996], "value_targets": [3.9407384395599365]}
{"type": "SampleBatch", "obs": "BCJNGGhAiAAAAAAAAAAcggAAAFKABZV9AAEA8hmMEm51bXB5LmNvcmUubnVtZXJpY5SMC19mcm9tYnVmZmVylJOUKJYILgDBAJhu4kCPwnU+lIwFOADxFpSMBWR0eXBllJOUjAJmNJSJiIeUUpQoSwOMATyUTk5OSv////8FAPAFSwB0lGJLAUsChpSMAUOUdJRSlC4AAAAA", "actions": [[0.14594045281410217, 5.510614395141602]], "agent_index": [0], "action_logp": [-4.8916730880737305], "action_dist_inputs": [[0.3156231641769409, 1.9495108127593994, 0.6486266255378723, 0.640683114528656]], "vf_preds": [3.3175668716430664], "eps_id": [1221404502], "unroll_id": [10], "advantages": [-2.98598051071167], "value_targets": [0.3315863609313965]}
{"type": "SampleBatch", "obs": "BCJNGGhAiAAAAAAAAAAcggAAAFKABZV9AAEA8hmMEm51bXB5LmNvcmUubnVtZXJpY5SMC19mcm9tYnVmZmVylJOUKJYILgDBAKrxwkDNzEw+lIwFOADxFpSMBWR0eXBllJOUjAJmNJSJiIeUUpQoSwOMATyUTk5OSv////8FAPAFSwB0lGJLAUsChpSMAUOUdJRSlC4AAAAA", "actions": [[4.583983898162842, 0.07211995124816895]], "agent_index": [0], "action_logp": [-5.980942249298096], "action_dist_inputs": [[0.19492237269878387, 1.8460639715194702, 0.7018711566925049, 0.6144592761993408]], "vf_preds": [0.3397141396999359], "eps_id": [1444967358], "unroll_id": [11], "advantages": [-0.2194618284702301], "value_targets": [0.12025230377912521]}
{"type": "SampleBatch", "obs": "BCJNGGhAiAAAAAAAAAAcggAAAFKABZV9AAEA8hmMEm51bXB5LmNvcmUubnVtZXJpY5SMC19mcm9tYnVmZmVylJOUKJYILgDBALBy+ECuRyE/lIwFOADxFpSMBWR0eXBllJOUjAJmNJSJiIeUUpQoSwOMATyUTk5OSv////8FAPAFSwB0lGJLAUsChpSMAUOUdJRSlC4AAAAA", "actions": [[-1.3235751390457153, 3.34055495262146]], "agent_index": [0], "action_logp": [-3.5821373462677], "action_dist_inputs": [[-0.2393374890089035, 1.9577645063400269, 0.7266881465911865, 0.5811209082603455]], "vf_preds": [1.069720983505249], "eps_id": [1756742546], "unroll_id": [12], "advantages": [-0.10918468236923218], "value_targets": [0.9605363011360168]}
{"type": "SampleBatch",