{"type": "SampleBatch", "obs": "BCJNGGhAiAAAAAAAAAAcggAAAFKABZV9AAEA8hmMEm51bXB5LmNvcmUubnVtZXJpY5SMC19mcm9tYnVmZmVylJOUKJYILgDBAGDlaECkcD0/lIwFOADxFpSMBWR0eXBllJOUjAJmNJSJiIeUUpQoSwOMATyUTk5OSv////8FAPAFSwB0lGJLAUsChpSMAUOUdJRSlC4AAAAA", "actions": [[-0.5185484886169434, -1.3544951677322388]], "agent_index": [0], "action_logp": [-2.881162643432617], "action_dist_inputs": [[-0.010169558227062225, 0.00280170189216733, -0.0030065583996474743, 0.0058191921561956406]], "vf_preds": [-0.011551863513886929], "eps_id": [190412500], "unroll_id": [0], "advantages": [0.5578857064247131], "value_targets": [0.5463338494300842]}
{"type": "SampleBatch", "obs": "BCJNGGhAiAAAAAAAAAAcggAAAFKABZV9AAEA8hmMEm51bXB5LmNvcmUubnVtZXJpY5SMC19mcm9tYnVmZmVylJOUKJYILgDBAEjhzkDNzMw+lIwFOADxFpSMBWR0eXBllJOUjAJmNJSJiIeUUpQoSwOMATyUTk5OSv////8FAPAFSwB0lGJLAUsChpSMAUOUdJRSlC4AAAAA", "actions": [[2.4735288619995117, 1.3664653301239014]], "agent_index": [0], "action_logp": [-3.9778566360473633], "action_dist_inputs": [[0.42184746265411377, -0.0033384375274181366, 0.4691792130470276, 0.5068634152412415]], "vf_preds": [0.4337790012359619], "eps_id": [1158196325], "unroll_id": [1], "advantages": [0.08427143096923828], "value_targets": [0.5180504322052002]}
{"type": "SampleBatch", "obs": "BCJNGGhAiAAAAAAAAAAcggAAAFKABZV9AAEA8hmMEm51bXB5LmNvcmUubnVtZXJpY5SMC19mcm9tYnVmZmVylJOUKJYILgDBAC2yzUA9Ctc+lIwFOADxFpSMBWR0eXBllJOUjAJmNJSJiIeUUpQoSwOMATyUTk5OSv////8FAPAFSwB0lGJLAUsChpSMAUOUdJRSlC4AAAAA", "actions": [[1.7584667205810547, 1.3755979537963867]], "agent_index": [0], "action_logp": [-3.259765863418579], "action_dist_inputs": [[0.5390362739562988, 0.7066172361373901, 0.4740372598171234, 0.5911527872085571]], "vf_preds": [0.39472493529319763], "eps_id": [529105537], "unroll_id": [2], "advantages": [0.1555318534374237], "value_targets": [0.5502567887306213]}
{"type": "SampleBatch", "obs": "BCJNGGhAiAAAAAAAAAAcggAAAFKABZV9AAEA8hmMEm51bXB5LmNvcmUubnVtZXJpY5SMC19mcm9tYnVmZmVylJOUKJYILgDBALByUEC4HgU/lIwFOADxFpSMBWR0eXBllJOUjAJmNJSJiIeUUpQoSwOMATyUTk5OSv////8FAPAFSwB0lGJLAUsChpSMAUOUdJRSlC4AAAAA", "actions": [[-1.7885445356369019, 0.01990877091884613]], "agent_index": [0], "action_logp": [-2.8732962608337402], "action_dist_inputs": [[-0.15528644621372223, -0.1856902837753296, 0.4886917173862457, 0.024722829461097717]], "vf_preds": [0.645557165145874], "eps_id": [1642903721], "unroll_id": [3], "advantages": [-0.31933772563934326], "value_targets": [0.32621943950653076]}
{"type": "SampleBatch", "obs": "BCJNGGhAiAAAAAAAAAAcggAAAFKABZV9AAEA8hmMEm51bXB5LmNvcmUubnVtZXJpY5SMC19mcm9tYnVmZmVylJOUKJYILgDBAItsB0DD9ag+lIwFOADxFpSMBWR0eXBllJOUjAJmNJSJiIeUUpQoSwOMATyUTk5OSv////8FAPAFSwB0lGJLAUsChpSMAUOUdJRSlC4AAAAA", "actions": [[0.9624497294425964, -0.27506211400032043]], "agent_index": [0], "action_logp": [-2.9116411209106445], "action_dist_inputs": [[0.009938862174749374, -0.08282855898141861, 0.354805588722229, 0.48889315128326416]], "vf_preds": [0.6045765280723572], "eps_id": [1776519415], "unroll_id": [4], "advantages": [-0.2503397762775421], "value_targets": [0.35423675179481506]}
{"type": "SampleBatch", "obs": "BCJNGGhAiAAAAAAAAAAcggAAAFKABZV9AAEA8hmMEm51bXB5LmNvcmUubnVtZXJpY5SMC19mcm9tYnVmZmVylJOUKJYILgDBAC2yDUB7FG4/lIwFOADxFpSMBWR0eXBllJOUjAJmNJSJiIeUUpQoSwOMATyUTk5OSv////8FAPAFSwB0lGJLAUsChpSMAUOUdJRSlC4AAAAA", "actions": [[-0.3216213881969452, -0.9023045897483826]], "agent_index": [0], "action_logp": [-2.2468883991241455], "action_dist_inputs": [[-0.22400696575641632, -0.09389175474643707, 0.10837070643901825, -0.11201205849647522]], "vf_preds": [0.8917818069458008], "eps_id": [77897025], "unroll_id": [5], "advantages": [0.07041692733764648], "value_targets": [0.9621987342834473]}
{"type": "SampleBatch", "obs": "BCJNGGhAiAAAAAAAAAAcggAAAFKABZV9AAEA8hmMEm51bXB5LmNvcmUubnVtZXJpY5SMC19mcm9tYnVmZmVylJOUKJYILgDBAOkm5UAzM7M+lIwFOADxFpSMBWR0eXBllJOUjAJmNJSJiIeUUpQoSwOMATyUTk5OSv////8FAPAFSwB0lGJLAUsChpSMAUOUdJRSlC4AAAAA", "actions": [[-3.2803449630737305, 0.9332414269447327]], "agent_index": [0], "action_logp": [-5.553640365600586], "action_dist_inputs": [[0.8956884741783142, 1.8426344394683838, 0.7061797380447388, 0.8027330636978149]], "vf_preds": [0.35886693000793457], "eps_id": [1905001862], "unroll_id": [6], "advantages": [0.10307824611663818], "value_targets": [0.46194517612457275]}
{"type": "SampleBatch", "obs": "BCJNGGhAiAAAAAAAAAAcggAAAFKABZV9AAEA8hmMEm51bXB5LmNvcmUubnVtZXJpY5SMC19mcm9tYnVmZmVylJOUKJYILgDBAJZDy0D2KBw/lIwFOADxFpSMBWR0eXBllJOUjAJmNJSJiIeUUpQoSwOMATyUTk5OSv////8FAPAFSwB0lGJLAUsChpSMAUOUdJRSlC4AAAAA", "actions": [[-1.05875563621521, 0.6770464181900024]], "agent_index": [0], "action_logp": [-3.1107513904571533], "action_dist_inputs": [[-0.6094743013381958, 1.4510761499404907, 0.47622916102409363, 0.6809722185134888]], "vf_preds": [0.4855268597602844], "eps_id": [1004831850], "unroll_id": [7], "advantages": [0.27136027812957764], "value_targets": [0.7568871378898621]}
{"type": "SampleBatch", "obs": "BCJNGGhAiAAAAAAAAAAcggAAAFKABZV9AAEA8hmMEm51bXB5LmNvcmUubnVtZXJpY5SMC19mcm9tYnVmZmVylJOUKJYILgDBAP7UzEDNzEw+lIwFOADxFpSMBWR0eXBllJOUjAJmNJSJiIeUUpQoSwOMATyUTk5OSv////8FAPAFSwB0lGJLAUsChpSMAUOUdJRSlC4AAAAA", "actions": [[1.004119873046875, 6.030219078063965]], "agent_index": [0], "action_logp": [-4.99455451965332], "action_dist_inputs": [[0.4884233772754669, 2.0553712844848633, 0.6207810640335083, 0.7560647130012512]], "vf_preds": [0.6387519836425781], "eps_id": [1662282640], "unroll_id": [8], "advantages": [-0.36742788553237915], "value_targets": [0.271324098110199]}
{"type": "SampleBatch", "obs": "BCJNGGhAiAAAAAAAAAAcggAAAFKABZV9AAEA8hmMEm51bXB5LmNvcmUubnVtZXJpY5SMC19mcm9tYnVmZmVylJOUKJYILgDBAESLfEDXozA/lIwFOADxFpSMBWR0eXBllJOUjAJmNJSJiIeUUpQoSwOMATyUTk5OSv////8FAPAFSwB0lGJLAUsChpSMAUOUdJRSlC4AAAAA", "actions": [[-1.8784579038619995, 0.19920039176940918]], "agent_index": [0], "action_logp": [-3.158214807510376], "action_dist_inputs": [[-0.6053647994995117, 0.8298904299736023, 0.48536041378974915, 0.4465809166431427]], "vf_preds": [0.6569597125053406], "eps_id": [1663654749], "unroll_id": [9], "advantages": [-0.04066866636276245], "value_targets": [0.6162910461425781]}
{"type": "SampleBatch", "obs": "BCJNGGhAiAAAAAAAAAAcggAAAFKABZV9AAEA8hmMEm51bXB5LmNvcmUubnVtZXJpY5SMC19mcm9tYnVmZmVylJOUKJYILgDBAM3MkECF6xE/lIwFOADxFpSMBWR0eXBllJOUjAJmNJSJiIeUUpQoSwOMATyUTk5OSv////8FAPAFSwB0lGJLAUsChpSMAUOUdJRSlC4AAAAA", "actions": [[-1.096611738204956, 1.7296743392944336]], "agent_index": [0], "action_logp": [-2.960268020629883], "action_dist_inputs": [[-0.8692411780357361, 1.616917371749878, 0.5151931047439575, 0.5960433483123779]], "vf_preds": [1.8752809762954712], "eps_id": [69388487], "unroll_id": [10], "advantages": [-1.2367684841156006], "value_targets": [0.6385125517845154]}
{"type": "SampleBatch", "obs": "BCJNGGhAiAAAAAAAAAAcggAAAFKABZV9AAEA8hmMEm51bXB5LmNvcmUubnVtZXJpY5SMC19mcm9tYnVmZmVylJOUKJYILgDBADm0xEAUrkc/lIwFOADxFpSMBWR0eXBllJOUjAJmNJSJiIeUUpQoSwOMATyUTk5OSv////8FAPAFSwB0lGJLAUsChpSMAUOUdJRSlC4AAAAA", "actions": [[-0.6395070552825928, 4.598616600036621]], "agent_index": [0], "action_logp": [-4.2731170654296875], "action_dist_inputs": [[-0.8858317732810974, 1.8157459497451782, 0.637660026550293, 0.5833606719970703]], "vf_preds": [0.3405361771583557], "eps_id": [1328990127], "unroll_id": [11], "advantages": [3.4292824268341064], "value_targets": [3.7698185443878174]}
{"type": "SampleBatch", "obs": "BCJNGGhAiAAAAAAAAAAcggAAAFKABZV9AAEA8hmMEm51bXB5LmNvcmUubnVtZXJpY5SMC19mcm9tYnVmZmVylJOUKJYILgDBABfZLkCPwnU+lIwFOADxFpSMBWR0eXBllJOUjAJmNJSJiIeUUpQoSwOMATyUTk5OSv////8FAPAFSwB0lGJLAUsChpSMAUOUdJRSlC4AAAAA", "actions": [[-0.5742456912994385, -2.4576895236968994]], "agent_index": [0], "action_logp": [-5.133260726928711], "action_dist_inputs": [[-0.7698559165000916, 1.6231720447540283, 0.5707711577415466, 0.7113842964172363]], "vf_preds": [0.9890682697296143], "eps_id": [1097481502], "unroll_id": [12], "advantages": [-0.7504202127456665], "value_targets": [0.23864807188510895]}
{"type": "SampleBatch",