{"type": "SampleBatch", "obs": "BCJNGGhAiAAAAAAAAAAcggAAAFKABZV9AAEA8hmMEm51bXB5LmNvcmUubnVtZXJpY5SMC19mcm9tYnVmZmVylJOUKJYILgDBAMP1pECuR2E/lIwFOADxFpSMBWR0eXBllJOUjAJmNJSJiIeUUpQoSwOMATyUTk5OSv////8FAPAFSwB0lGJLAUsChpSMAUOUdJRSlC4AAAAA", "actions": [[0.5471603870391846, -0.19972458481788635]], "agent_index": [0], "action_logp": [-2.017528533935547], "action_dist_inputs": [[-0.01039707101881504, 0.003625646699219942, -0.0026892200112342834, 0.005623058415949345]], "vf_preds": [-0.012025910429656506], "eps_id": [479919749], "unroll_id": [0], "advantages": [0.3876020312309265], "value_targets": [0.37557610869407654]}
{"type": "SampleBatch", "obs": "BCJNGGhAiAAAAAAAAAAcggAAAFKABZV9AAEA8hmMEm51bXB5LmNvcmUubnVtZXJpY5SMC19mcm9tYnVmZmVylJOUKJYILgDBALKdi0A9Clc/lIwFOADxFpSMBWR0eXBllJOUjAJmNJSJiIeUUpQoSwOMATyUTk5OSv////8FAPAFSwB0lGJLAUsChpSMAUOUdJRSlC4AAAAA", "actions": [[-0.882504940032959, 0.7144646644592285]], "agent_index": [0], "action_logp": [-3.117443084716797], "action_dist_inputs": [[0.4660172760486603, -0.013487465679645538, 0.20527905225753784, 0.3358432352542877]], "vf_preds": [0.4891557991504669], "eps_id": [1042096637], "unroll_id": [1], "advantages": [0.4564220607280731], "value_targets": [0.94557785987854]}
{"type": "SampleBatch", "obs": "BCJNGGhAiAAAAAAAAAAcggAAAFKABZV9AAEA8hmMEm51bXB5LmNvcmUubnVtZXJpY5SMC19mcm9tYnVmZmVylJOUKJYILgDBANV4AUBI4To/lIwFOADxFpSMBWR0eXBllJOUjAJmNJSJiIeUUpQoSwOMATyUTk5OSv////8FAPAFSwB0lGJLAUsChpSMAUOUdJRSlC4AAAAA", "actions": [[-0.45549237728118896, -1.3665711879730225]], "agent_index": [0], "action_logp": [-2.554547071456909], "action_dist_inputs": [[-0.24201560020446777, -0.29838380217552185, -0.013886243104934692, -0.2680356204509735]], "vf_preds": [1.0572898387908936], "eps_id": [1493320230], "unroll_id": [2], "advantages": [-0.2541694641113281], "value_targets": [0.8031203746795654]}
{"type": "SampleBatch", "obs": "BCJNGGhAiAAAAAAAAAAcggAAAFKABZV9AAEA8hmMEm51bXB5LmNvcmUubnVtZXJpY5SMC19mcm9tYnVmZmVylJOUKJYILgDBALx0Y0B7FC4/lIwFOADxFpSMBWR0eXBllJOUjAJmNJSJiIeUUpQoSwOMATyUTk5OSv////8FAPAFSwB0lGJLAUsChpSMAUOUdJRSlC4AAAAA", "actions": [[-0.15528598427772522, 0.48821964859962463]], "agent_index": [0], "action_logp": [-2.5807740688323975], "action_dist_inputs": [[-0.244316965341568, -0.3062444031238556, 0.45171448588371277, -0.082985058426857]], "vf_preds": [0.6706900000572205], "eps_id": [1413451540], "unroll_id": [3], "advantages": [0.044116079807281494], "value_targets": [0.714806079864502]}
{"type": "SampleBatch", "obs": "BCJNGGhAiAAAAAAAAAAcggAAAFKABZV9AAEA8hmMEm51bXB5LmNvcmUubnVtZXJpY5SMC19mcm9tYnVmZmVylJOUKJYILgDBAFg50EAfhSs/lIwFOADxFpSMBWR0eXBllJOUjAJmNJSJiIeUUpQoSwOMATyUTk5OSv////8FAPAFSwB0lGJLAUsChpSMAUOUdJRSlC4AAAAA", "actions": [[-1.6876931190490723, 0.10517925024032593]], "agent_index": [0], "action_logp": [-3.3487510681152344], "action_dist_inputs": [[-0.4223150908946991, 0.7974680066108704, 0.5525845289230347, 0.6244368553161621]], "vf_preds": [0.6512959003448486], "eps_id": [1665913399], "unroll_id": [4], "advantages": [-0.2594952881336212], "value_targets": [0.3918006122112274]}
{"type": "SampleBatch", "obs": "BCJNGGhAiAAAAAAAAAAcggAAAFKABZV9AAEA8hmMEm51bXB5LmNvcmUubnVtZXJpY5SMC19mcm9tYnVmZmVylJOUKJYILgDBAAAAtEBcj0I/lIwFOADxFpSMBWR0eXBllJOUjAJmNJSJiIeUUpQoSwOMATyUTk5OSv////8FAPAFSwB0lGJLAUsChpSMAUOUdJRSlC4AAAAA", "actions": [[1.6418023109436035, -0.11021590232849121]], "agent_index": [0], "action_logp": [-3.544102191925049], "action_dist_inputs": [[-0.17608803510665894, 0.7046098113059998, 0.4855080246925354, 0.4636313021183014]], "vf_preds": [0.7866143584251404], "eps_id": [1372297378], "unroll_id": [5], "advantages": [-0.431814968585968], "value_targets": [0.35479938983917236]}
{"type": "SampleBatch", "obs": "BCJNGGhAiAAAAAAAAAAcggAAAFKABZV9AAEA8hmMEm51bXB5LmNvcmUubnVtZXJpY5SMC19mcm9tYnVmZmVylJOUKJYILgDBAE5i4EAUrsc+lIwFOADxFpSMBWR0eXBllJOUjAJmNJSJiIeUUpQoSwOMATyUTk5OSv////8FAPAFSwB0lGJLAUsChpSMAUOUdJRSlC4AAAAA", "actions": [[0.0935702919960022, 2.2529656887054443]], "agent_index": [0], "action_logp": [-3.43056058883667], "action_dist_inputs": [[0.7719082236289978, 1.7924498319625854, 0.706018328666687, 0.8096081614494324]], "vf_preds": [0.3613693118095398], "eps_id": [1531658090], "unroll_id": [6], "advantages": [0.20428770780563354], "value_targets": [0.5656570196151733]}
{"type": "SampleBatch", "obs": "BCJNGGhAiAAAAAAAAAAcggAAAFKABZV9AAEA8hmMEm51bXB5LmNvcmUubnVtZXJpY5SMC19mcm9tYnVmZmVylJOUKJYILgDBAPLSxUBcj0I/lIwFOADxFpSMBWR0eXBllJOUjAJmNJSJiIeUUpQoSwOMATyUTk5OSv////8FAPAFSwB0lGJLAUsChpSMAUOUdJRSlC4AAAAA", "actions": [[0.30628502368927, 2.4875922203063965]], "agent_index": [0], "action_logp": [-3.488795757293701], "action_dist_inputs": [[-0.935280442237854, 1.1790785789489746, 0.4885685443878174, 0.6288617849349976]], "vf_preds": [0.5482274889945984], "eps_id": [182948551], "unroll_id": [7], "advantages": [0.4084203839302063], "value_targets": [0.9566478729248047]}
{"type": "SampleBatch", "obs": "BCJNGGhAiAAAAAAAAAAcggAAAFKABZV9AAEA8hmMEm51bXB5LmNvcmUubnVtZXJpY5SMC19mcm9tYnVmZmVylJOUKJYILgDBAAaBVUDXo/A+lIwFOADxFpSMBWR0eXBllJOUjAJmNJSJiIeUUpQoSwOMATyUTk5OSv////8FAPAFSwB0lGJLAUsChpSMAUOUdJRSlC4AAAAA", "actions": [[-1.2256286144256592, 2.340729236602783]], "agent_index": [0], "action_logp": [-3.2059943675994873], "action_dist_inputs": [[-0.7012642025947571, 1.0966336727142334, 0.4755973219871521, 0.6117285490036011]], "vf_preds": [0.6816893219947815], "eps_id": [1750565044], "unroll_id": [8], "advantages": [-0.15070068836212158], "value_targets": [0.5309886336326599]}
{"type": "SampleBatch", "obs": "BCJNGGhAiAAAAAAAAAAcggAAAFKABZV9AAEA8hmMEm51bXB5LmNvcmUubnVtZXJpY5SMC19mcm9tYnVmZmVylJOUKJYILgDBAMHKEUAAAIA/lIwFOADxFpSMBWR0eXBllJOUjAJmNJSJiIeUUpQoSwOMATyUTk5OSv////8FAPAFSwB0lGJLAUsChpSMAUOUdJRSlC4AAAAA", "actions": [[-1.9715030193328857, 1.0380945205688477]], "agent_index": [0], "action_logp": [-3.5161406993865967], "action_dist_inputs": [[-0.18068718910217285, 0.03000396117568016, 0.3150734603404999, -0.026760119944810867]], "vf_preds": [5.882000923156738], "eps_id": [1386482476], "unroll_id": [9], "advantages": [-4.982974052429199], "value_targets": [0.8990267515182495]}
{"type": "SampleBatch", "obs": "BCJNGGhAiAAAAAAAAAAcggAAAFKABZV9AAEA8hmMEm51bXB5LmNvcmUubnVtZXJpY5SMC19mcm9tYnVmZmVylJOUKJYILgDBANnOk0AUrgc/lIwFOADxFpSMBWR0eXBllJOUjAJmNJSJiIeUUpQoSwOMATyUTk5OSv////8FAPAFSwB0lGJLAUsChpSMAUOUdJRSlC4AAAAA", "actions": [[1.0751533508300781, 1.2906947135925293]], "agent_index": [0], "action_logp": [-3.5925941467285156], "action_dist_inputs": [[-0.7736285328865051, 1.6930363178253174, 0.5321837067604065, 0.6090821027755737]], "vf_preds": [1.9765704870224], "eps_id": [1902070266], "unroll_id": [10], "advantages": [-1.367278814315796], "value_targets": [0.609291672706604]}
{"type": "SampleBatch", "obs": "BCJNGGhAiAAAAAAAAAAcggAAAFKABZV9AAEA8hmMEm51bXB5LmNvcmUubnVtZXJpY5SMC19mcm9tYnVmZmVylJOUKJYILgDBANV4SUD2KFw/lIwFOADxFpSMBWR0eXBllJOUjAJmNJSJiIeUUpQoSwOMATyUTk5OSv////8FAPAFSwB0lGJLAUsChpSMAUOUdJRSlC4AAAAA", "actions": [[-0.5664229393005371, 0.9147207736968994]], "agent_index": [0], "action_logp": [-2.6936452388763428], "action_dist_inputs": [[-0.4140622317790985, 0.06519708037376404, 0.3828347623348236, 0.24763432145118713]], "vf_preds": [0.34080156683921814], "eps_id": [1242194622], "unroll_id": [11], "advantages": [0.6311434507369995], "value_targets": [0.9719449877738953]}
{"type": "SampleBatch", "obs": "BCJNGGhAiAAAAAAAAAAcggAAAFKABZV9AAEA8hmMEm51bXB5LmNvcmUubnVtZXJpY5SMC19mcm9tYnVmZmVylJOUKJYILgDBAIXrQUBmZuY+lIwFOADxFpSMBWR0eXBllJOUjAJmNJSJiIeUUpQoSwOMATyUTk5OSv////8FAPAFSwB0lGJLAUsChpSMAUOUdJRSlC4AAAAA", "actions": [[1.1670501232147217, 2.0803489685058594]], "agent_index": [0], "action_logp": [-3.803342819213867], "action_dist_inputs": [[-0.8600530624389648, 1.3146010637283325, 0.4973074495792389, 0.6240895986557007]], "vf_preds": [1.0009945631027222], "eps_id": [1636164683], "unroll_id": [12], "advantages": [-0.4692915081977844], "value_targets": [0.5317030549049377]}
{"type": "SampleBatch",