{"type": "SampleBatch", "obs": "BCJNGGhAiAAAAAAAAAAcggAAAFKABZV9AAEA8hmMEm51bXB5LmNvcmUubnVtZXJpY5SMC19mcm9tYnVmZmVylJOUKJYILgDBAN9PlUBSuB4/lIwFOADxFpSMBWR0eXBllJOUjAJmNJSJiIeUUpQoSwOMATyUTk5OSv////8FAPAFSwB0lGJLAUsChpSMAUOUdJRSlC4AAAAA", "actions": [[0.8554374575614929, 1.631182074546814]], "agent_index": [0], "action_logp": [-3.5262045860290527], "action_dist_inputs": [[-0.009944415651261806, 0.0037520865444093943, -0.002782980212941766, 0.005932072643190622]], "vf_preds": [-0.011951900087296963], "eps_id": [627811373], "unroll_id": [0], "advantages": [0.7039962410926819], "value_targets": [0.6920443177223206]}
{"type": "SampleBatch", "obs": "BCJNGGhAiAAAAAAAAAAcggAAAFKABZV9AAEA8hmMEm51bXB5LmNvcmUubnVtZXJpY5SMC19mcm9tYnVmZmVylJOUKJYILgDBAM3M4ECuRyE/lIwFOADxFpSMBWR0eXBllJOUjAJmNJSJiIeUUpQoSwOMATyUTk5OSv////8FAPAFSwB0lGJLAUsChpSMAUOUdJRSlC4AAAAA", "actions": [[-0.9793393611907959, -1.563032865524292]], "agent_index": [0], "action_logp": [-3.646044969558716], "action_dist_inputs": [[0.42950496077537537, 0.006619561463594437, 0.4535297751426697, 0.5079007148742676]], "vf_preds": [0.43728721141815186], "eps_id": [1336221242], "unroll_id": [1], "advantages": [-0.14589494466781616], "value_targets": [0.2913922667503357]}
{"type": "SampleBatch", "obs": "BCJNGGhAiAAAAAAAAAAcggAAAFKABZV9AAEA8hmMEm51bXB5LmNvcmUubnVtZXJpY5SMC19mcm9tYnVmZmVylJOUKJYILgDBAIPAKkB7FC4/lIwFOADxFpSMBWR0eXBllJOUjAJmNJSJiIeUUpQoSwOMATyUTk5OSv////8FAPAFSwB0lGJLAUsChpSMAUOUdJRSlC4AAAAA", "actions": [[-1.7729192972183228, 1.7235478162765503]], "agent_index": [0], "action_logp": [-4.834112167358398], "action_dist_inputs": [[-0.004099927842617035, 0.001217171549797058, 0.1115795224905014, -0.0687902420759201]], "vf_preds": [0.9735163450241089], "eps_id": [1902617989], "unroll_id": [2], "advantages": [-0.1430114507675171], "value_targets": [0.8305048942565918]}
{"type": "SampleBatch", "obs": "BCJNGGhAiAAAAAAAAAAcggAAAFKABZV9AAEA8hmMEm51bXB5LmNvcmUubnVtZXJpY5SMC19mcm9tYnVmZmVylJOUKJYILgDBAMP10EDhelQ/lIwFOADxFpSMBWR0eXBllJOUjAJmNJSJiIeUUpQoSwOMATyUTk5OSv////8FAPAFSwB0lGJLAUsChpSMAUOUdJRSlC4AAAAA", "actions": [[-0.65409916639328, -0.8987701535224915]], "agent_index": [0], "action_logp": [-3.0824971199035645], "action_dist_inputs": [[0.030096570029854774, 0.21819061040878296, 0.5559588670730591, 0.1435311734676361]], "vf_preds": [0.6201943755149841], "eps_id": [99297359], "unroll_id": [3], "advantages": [-0.21958017349243164], "value_targets": [0.4006142020225525]}
{"type": "SampleBatch", "obs": "BCJNGGhAiAAAAAAAAAAcggAAAFKABZV9AAEA8hmMEm51bXB5LmNvcmUubnVtZXJpY5SMC19mcm9tYnVmZmVylJOUKJYILgDBANEip0CPwjU/lIwFOADxFpSMBWR0eXBllJOUjAJmNJSJiIeUUpQoSwOMATyUTk5OSv////8FAPAFSwB0lGJLAUsChpSMAUOUdJRSlC4AAAAA", "actions": [[-0.2002776861190796, 1.3280036449432373]], "agent_index": [0], "action_logp": [-3.009753704071045], "action_dist_inputs": [[-0.3464094400405884, 0.4587964415550232, 0.5046773552894592, 0.5332884192466736]], "vf_preds": [0.6518874168395996], "eps_id": [1729697195], "unroll_id": [4], "advantages": [0.09990215301513672], "value_targets": [0.7517895698547363]}
{"type": "SampleBatch", "obs": "BCJNGGhAiAAAAAAAAAAcggAAAFKABZV9AAEA8hmMEm51bXB5LmNvcmUubnVtZXJpY5SMC19mcm9tYnVmZmVylJOUKJYILgDBACcxYECPwnU+lIwFOADxFpSMBWR0eXBllJOUjAJmNJSJiIeUUpQoSwOMATyUTk5OSv////8FAPAFSwB0lGJLAUsChpSMAUOUdJRSlC4AAAAA", "actions": [[-2.061115026473999, 1.091918706893921]], "agent_index": [0], "action_logp": [-4.082770824432373], "action_dist_inputs": [[0.1725669950246811, 1.1283299922943115, 0.5605675578117371, 0.8711740374565125]], "vf_preds": [0.05968450382351875], "eps_id": [644923442], "unroll_id": [5], "advantages": [0.2212992161512375], "value_targets": [0.28098371624946594]}
{"type": "SampleBatch", "obs": "BCJNGGhAiAAAAAAAAAAcggAAAFKABZV9AAEA8hmMEm51bXB5LmNvcmUubnVtZXJpY5SMC19mcm9tYnVmZmVylJOUKJYILgDBAHe+f0DhelQ/lIwFOADxFpSMBWR0eXBllJOUjAJmNJSJiIeUUpQoSwOMATyUTk5OSv////8FAPAFSwB0lGJLAUsChpSMAUOUdJRSlC4AAAAA", "actions": [[-0.007007628679275513, -0.17026633024215698]], "agent_index": [0], "action_logp": [-2.7031331062316895], "action_dist_inputs": [[-0.35224097967147827, 0.1289459466934204, 0.44952598214149475, 0.37012606859207153]], "vf_preds": [0.7297389507293701], "eps_id": [1603391645], "unroll_id": [6], "advantages": [-0.08967238664627075], "value_targets": [0.6400665640830994]}
{"type": "SampleBatch", "obs": "BCJNGGhAiAAAAAAAAAAcggAAAFKABZV9AAEA8hmMEm51bXB5LmNvcmUubnVtZXJpY5SMC19mcm9tYnVmZmVylJOUKJYILgDBAPCnTkCPwnU/lIwFOADxFpSMBWR0eXBllJOUjAJmNJSJiIeUUpQoSwOMATyUTk5OSv////8FAPAFSwB0lGJLAUsChpSMAUOUdJRSlC4AAAAA", "actions": [[1.4736422300338745, -0.9964271187782288]], "agent_index": [0], "action_logp": [-3.603886604309082], "action_dist_inputs": [[-0.2431747019290924, 0.22260983288288116, 0.44975414872169495, 0.3414401412010193]], "vf_preds": [0.8031585812568665], "eps_id": [1417749486], "unroll_id": [7], "advantages": [-0.049643754959106445], "value_targets": [0.75351482629776]}
{"type": "SampleBatch", "obs": "BCJNGGhAiAAAAAAAAAAcggAAAFKABZV9AAEA8hmMEm51bXB5LmNvcmUubnVtZXJpY5SMC19mcm9tYnVmZmVylJOUKJYILgDBADVerkAAAIA/lIwFOADxFpSMBWR0eXBllJOUjAJmNJSJiIeUUpQoSwOMATyUTk5OSv////8FAPAFSwB0lGJLAUsChpSMAUOUdJRSlC4AAAAA", "actions": [[-1.103978157043457, 0.3132532238960266]], "agent_index": [0], "action_logp": [-3.0195062160491943], "action_dist_inputs": [[-0.6855192184448242, 0.4448937177658081, 0.648868203163147, 0.5056943297386169]], "vf_preds": [0.7231590151786804], "eps_id": [296020867], "unroll_id": [8], "advantages": [0.10907649993896484], "value_targets": [0.8322355151176453]}
{"type": "SampleBatch", "obs": "BCJNGGhAiAAAAAAAAAAcggAAAFKABZV9AAEA8hmMEm51bXB5LmNvcmUubnVtZXJpY5SMC19mcm9tYnVmZmVylJOUKJYILgDBAD0Kv0C4HkU/lIwFOADxFpSMBWR0eXBllJOUjAJmNJSJiIeUUpQoSwOMATyUTk5OSv////8FAPAFSwB0lGJLAUsChpSMAUOUdJRSlC4AAAAA", "actions": [[-3.4749648571014404, 2.8193140029907227]], "agent_index": [0], "action_logp": [-4.311235427856445], "action_dist_inputs": [[-0.8608710169792175, 1.6239567995071411, 0.5763858556747437, 0.6050993204116821]], "vf_preds": [0.36823710799217224], "eps_id": [247612415], "unroll_id": [9], "advantages": [0.6258560419082642], "value_targets": [0.9940931797027588]}
{"type": "SampleBatch", "obs": "BCJNGGhAiAAAAAAAAAAcggAAAFKABZV9AAEA8hmMEm51bXB5LmNvcmUubnVtZXJpY5SMC19mcm9tYnVmZmVylJOUKJYILgDBAItsL0DNzEw+lIwFOADxFpSMBWR0eXBllJOUjAJmNJSJiIeUUpQoSwOMATyUTk5OSv////8FAPAFSwB0lGJLAUsChpSMAUOUdJRSlC4AAAAA", "actions": [[-0.9560133814811707, 4.380539894104004]], "agent_index": [0], "action_logp": [-3.960937023162842], "action_dist_inputs": [[-0.6288122534751892, 1.7240650653839111, 0.5093452334403992, 0.6694313287734985]], "vf_preds": [0.8486529588699341], "eps_id": [847516106], "unroll_id": [10], "advantages": [-0.5940069556236267], "value_targets": [0.2546460032463074]}
{"type": "SampleBatch", "obs": "BCJNGGhAiAAAAAAAAAAcggAAAFKABZV9AAEA8hmMEm51bXB5LmNvcmUubnVtZXJpY5SMC19mcm9tYnVmZmVylJOUKJYILgDBAGiRuUDNzAw/lIwFOADxFpSMBWR0eXBllJOUjAJmNJSJiIeUUpQoSwOMATyUTk5OSv////8FAPAFSwB0lGJLAUsChpSMAUOUdJRSlC4AAAAA", "actions": [[0.7739691734313965, 2.5555472373962402]], "agent_index": [0], "action_logp": [-3.429630756378174], "action_dist_inputs": [[-0.5632840394973755, 1.9749747514724731, 0.669531524181366, 0.6411280035972595]], "vf_preds": [0.34031036496162415], "eps_id": [1868522341], "unroll_id": [11], "advantages": [0.3045825660228729], "value_targets": [0.6448929309844971]}
{"type": "SampleBatch", "obs": "BCJNGGhAiAAAAAAAAAAcggAAAFKABZV9AAEA8hmMEm51bXB5LmNvcmUubnVtZXJpY5SMC19mcm9tYnVmZmVylJOUKJYILgDBADeJOUA9Clc+lIwFOADxFpSMBWR0eXBllJOUjAJmNJSJiIeUUpQoSwOMATyUTk5OSv////8FAPAFSwB0lGJLAUsChpSMAUOUdJRSlC4AAAAA", "actions": [[0.5120243430137634, 0.825942873954773]], "agent_index": [0], "action_logp": [-3.4430527687072754], "action_dist_inputs": [[-0.6632518172264099, 1.6695878505706787, 0.6099498271942139, 0.7043048739433289]], "vf_preds": [0.991359531879425], "eps_id": [84025019], "unroll_id": [12], "advantages": [-0.7319079637527466], "value_targets": [0.2594515383243561]}
{"type": "SampleBatch",