{"type": "SampleBatch", "obs": "BCJNGGhAiAAAAAAAAAAcggAAAFKABZV9AAEA8hmMEm51bXB5LmNvcmUubnVtZXJpY5SMC19mcm9tYnVmZmVylJOUKJYILgDBADvfZ0DD9Sg/lIwFOADxFpSMBWR0eXBllJOUjAJmNJSJiIeUUpQoSwOMATyUTk5OSv////8FAPAFSwB0lGJLAUsChpSMAUOUdJRSlC4AAAAA", "actions": [[-0.049179356545209885, 0.311123251914978]], "agent_index": [0], "action_logp": [-1.8884421586990356], "action_dist_inputs": [[-0.010100566782057285, 0.002972375601530075, -0.0030408543534576893, 0.005917884409427643]], "vf_preds": [-0.011629925109446049], "eps_id": [1287245720], "unroll_id": [0], "advantages": [0.6411123275756836], "value_targets": [0.6294823884963989]}
{"type": "SampleBatch", "obs": "BCJNGGhAiAAAAAAAAAAcggAAAFKABZV9AAEA8hmMEm51bXB5LmNvcmUubnVtZXJpY5SMC19mcm9tYnVmZmVylJOUKJYILgDBAOf7yUAK1yM/lIwFOADxFpSMBWR0eXBllJOUjAJmNJSJiIeUUpQoSwOMATyUTk5OSv////8FAPAFSwB0lGJLAUsChpSMAUOUdJRSlC4AAAAA", "actions": [[-0.8154133558273315, 0.8516579866409302]], "agent_index": [0], "action_logp": [-3.225709915161133], "action_dist_inputs": [[0.4374382197856903, 0.009514711797237396, 0.4289756417274475, 0.49406081438064575]], "vf_preds": [0.4421449899673462], "eps_id": [871079384], "unroll_id": [1], "advantages": [0.3799671530723572], "value_targets": [0.8221121430397034]}
{"type": "SampleBatch", "obs": "BCJNGGhAiAAAAAAAAAAcggAAAFKABZV9AAEA8hmMEm51bXB5LmNvcmUubnVtZXJpY5SMC19mcm9tYnVmZmVylJOUKJYILgDBAJMY0ECuR+E+lIwFOADxFpSMBWR0eXBllJOUjAJmNJSJiIeUUpQoSwOMATyUTk5OSv////8FAPAFSwB0lGJLAUsChpSMAUOUdJRSlC4AAAAA", "actions": [[-1.3799269199371338, 1.0312283039093018]], "agent_index": [0], "action_logp": [-3.6220216751098633], "action_dist_inputs": [[0.533462643623352, 0.7036181092262268, 0.4683127701282501, 0.5815893411636353]], "vf_preds": [0.40344759821891785], "eps_id": [229335642], "unroll_id": [2], "advantages": [0.1921558678150177], "value_targets": [0.5956034660339355]}
{"type": "SampleBatch", "obs": "BCJNGGhAiAAAAAAAAAAcggAAAFKABZV9AAEA8hmMEm51bXB5LmNvcmUubnVtZXJpY5SMC19mcm9tYnVmZmVylJOUKJYILgDBAKwc9kBI4Xo/lIwFOADxFpSMBWR0eXBllJOUjAJmNJSJiIeUUpQoSwOMATyUTk5OSv////8FAPAFSwB0lGJLAUsChpSMAUOUdJRSlC4AAAAA", "actions": [[-2.221923589706421, 0.23365499079227448]], "agent_index": [0], "action_logp": [-3.3718199729919434], "action_dist_inputs": [[0.04404065012931824, 0.2660684585571289, 0.5576938986778259, 0.1343178153038025]], "vf_preds": [0.6233564615249634], "eps_id": [1867904158], "unroll_id": [3], "advantages": [0.21868419647216797], "value_targets": [0.8420406579971313]}
{"type": "SampleBatch", "obs": "BCJNGGhAiAAAAAAAAAAcggAAAFKABZV9AAEA8hmMEm51bXB5LmNvcmUubnVtZXJpY5SMC19mcm9tYnVmZmVylJOUKJYILgDBAD81fkDNzEw/lIwFOADxFpSMBWR0eXBllJOUjAJmNJSJiIeUUpQoSwOMATyUTk5OSv////8FAPAFSwB0lGJLAUsChpSMAUOUdJRSlC4AAAAA", "actions": [[0.38738536834716797, 1.3085718154907227]], "agent_index": [0], "action_logp": [-3.202350616455078], "action_dist_inputs": [[-0.1605263501405716, -0.20334425568580627, 0.3733053505420685, 0.334012508392334]], "vf_preds": [0.6492074728012085], "eps_id": [208900562], "unroll_id": [4], "advantages": [0.20623677968978882], "value_targets": [0.8554442524909973]}
{"type": "SampleBatch", "obs": "BCJNGGhAiAAAAAAAAAAcggAAAFKABZV9AAEA8hmMEm51bXB5LmNvcmUubnVtZXJpY5SMC19mcm9tYnVmZmVylJOUKJYILgDBAGQ7y0AzM3M/lIwFOADxFpSMBWR0eXBllJOUjAJmNJSJiIeUUpQoSwOMATyUTk5OSv////8FAPAFSwB0lGJLAUsChpSMAUOUdJRSlC4AAAAA", "actions": [[0.5639005303382874, 1.7356092929840088]], "agent_index": [0], "action_logp": [-3.137178421020508], "action_dist_inputs": [[-0.28233689069747925, 0.5547533631324768, 0.46793609857559204, 0.33201125264167786]], "vf_preds": [0.9883356094360352], "eps_id": [613318177], "unroll_id": [5], "advantages": [-0.08962035179138184], "value_targets": [0.8987152576446533]}
{"type": "SampleBatch", "obs": "BCJNGGhAiAAAAAAAAAAcggAAAFKABZV9AAEA8hmMEm51bXB5LmNvcmUubnVtZXJpY5SMC19mcm9tYnVmZmVylJOUKJYILgDBALbzPUBmZmY/lIwFOADxFpSMBWR0eXBllJOUjAJmNJSJiIeUUpQoSwOMATyUTk5OSv////8FAPAFSwB0lGJLAUsChpSMAUOUdJRSlC4AAAAA", "actions": [[-0.3469739258289337, -0.6963958144187927]], "agent_index": [0], "action_logp": [-2.513223648071289], "action_dist_inputs": [[-0.2896122634410858, -0.0411335751414299, 0.3169596791267395, 0.21896255016326904]], "vf_preds": [0.8840398788452148], "eps_id": [645799188], "unroll_id": [6], "advantages": [-0.10022693872451782], "value_targets": [0.783812940120697]}
{"type": "SampleBatch", "obs": "BCJNGGhAiAAAAAAAAAAcggAAAFKABZV9AAEA8hmMEm51bXB5LmNvcmUubnVtZXJpY5SMC19mcm9tYnVmZmVylJOUKJYILgDBADVejkAAAIA/lIwFOADxFpSMBWR0eXBllJOUjAJmNJSJiIeUUpQoSwOMATyUTk5OSv////8FAPAFSwB0lGJLAUsChpSMAUOUdJRSlC4AAAAA", "actions": [[-1.33823823928833, 0.05584059655666351]], "agent_index": [0], "action_logp": [-2.9717764854431152], "action_dist_inputs": [[-0.37932977080345154, 0.28961512446403503, 0.5537984371185303, 0.4163375496864319]], "vf_preds": [0.7748935222625732], "eps_id": [1499127401], "unroll_id": [7], "advantages": [-0.0009716153144836426], "value_targets": [0.7739219069480896]}
{"type": "SampleBatch", "obs": "BCJNGGhAiAAAAAAAAAAcggAAAFKABZV9AAEA8hmMEm51bXB5LmNvcmUubnVtZXJpY5SMC19mcm9tYnVmZmVylJOUKJYILgDBAEoMikAK1yM/lIwFOADxFpSMBWR0eXBllJOUjAJmNJSJiIeUUpQoSwOMATyUTk5OSv////8FAPAFSwB0lGJLAUsChpSMAUOUdJRSlC4AAAAA", "actions": [[-0.15729361772537231, 2.5050220489501953]], "agent_index": [0], "action_logp": [-3.3903493881225586], "action_dist_inputs": [[-0.8429624438285828, 0.9667370915412903, 0.514487087726593, 0.5915220975875854]], "vf_preds": [0.7202193737030029], "eps_id": [1133551255], "unroll_id": [8], "advantages": [0.005371510982513428], "value_targets": [0.7255908846855164]}
{"type": "SampleBatch", "obs": "BCJNGGhAiAAAAAAAAAAcggAAAFKABZV9AAEA8hmMEm51bXB5LmNvcmUubnVtZXJpY5SMC19mcm9tYnVmZmVylJOUKJYILgDBAE5icEDNzMw+lIwFOADxFpSMBWR0eXBllJOUjAJmNJSJiIeUUpQoSwOMATyUTk5OSv////8FAPAFSwB0lGJLAUsChpSMAUOUdJRSlC4AAAAA", "actions": [[1.6439697742462158, 0.8841419219970703]], "agent_index": [0], "action_logp": [-4.017918586730957], "action_dist_inputs": [[-0.6436178088188171, 1.7183892726898193, 0.532048761844635, 0.6504330635070801]], "vf_preds": [0.34694743156433105], "eps_id": [1769773587], "unroll_id": [9], "advantages": [0.08238682150840759], "value_targets": [0.42933425307273865]}
{"type": "SampleBatch", "obs": "BCJNGGhAiAAAAAAAAAAcggAAAFKABZV9AAEA8hmMEm51bXB5LmNvcmUubnVtZXJpY5SMC19mcm9tYnVmZmVylJOUKJYILgDBAPypKUBSuB4/lIwFOADxFpSMBWR0eXBllJOUjAJmNJSJiIeUUpQoSwOMATyUTk5OSv////8FAPAFSwB0lGJLAUsChpSMAUOUdJRSlC4AAAAA", "actions": [[-0.032044440507888794, -0.4480492174625397]], "agent_index": [0], "action_logp": [-2.870978832244873], "action_dist_inputs": [[-0.4176802933216095, 0.32164523005485535, 0.5049980282783508, 0.35554879903793335]], "vf_preds": [0.6002827882766724], "eps_id": [733021544], "unroll_id": [10], "advantages": [-0.01621401309967041], "value_targets": [0.584068775177002]}
{"type": "SampleBatch", "obs": "BCJNGGhAiAAAAAAAAAAcggAAAFKABZV9AAEA8hmMEm51bXB5LmNvcmUubnVtZXJpY5SMC19mcm9tYnVmZmVylJOUKJYILgDBAHe+q0BcjwI/lIwFOADxFpSMBWR0eXBllJOUjAJmNJSJiIeUUpQoSwOMATyUTk5OSv////8FAPAFSwB0lGJLAUsChpSMAUOUdJRSlC4AAAAA", "actions": [[-2.5477213859558105, 3.1806230545043945]], "agent_index": [0], "action_logp": [-3.8601632118225098], "action_dist_inputs": [[-0.5935046672821045, 1.9706405401229858, 0.6460750102996826, 0.6536756753921509]], "vf_preds": [0.34037119150161743], "eps_id": [969938802], "unroll_id": [11], "advantages": [0.25770968198776245], "value_targets": [0.5980808734893799]}
{"type": "SampleBatch", "obs": "BCJNGGhAiAAAAAAAAAAcggAAAFKABZV9AAEA8hmMEm51bXB5LmNvcmUubnVtZXJpY5SMC19mcm9tYnVmZmVylJOUKJYILgDBAOf78UDhelQ/lIwFOADxFpSMBWR0eXBllJOUjAJmNJSJiIeUUpQoSwOMATyUTk5OSv////8FAPAFSwB0lGJLAUsChpSMAUOUdJRSlC4AAAAA", "actions": [[-1.762209177017212, 0.8790735006332397]], "agent_index": [0], "action_logp": [-3.5257515907287598], "action_dist_inputs": [[-0.5692275166511536, 2.029959201812744, 0.7272515296936035, 0.5916022062301636]], "vf_preds": [1.0791617631912231], "eps_id": [545805352], "unroll_id": [12], "advantages": [-0.17463451623916626], "value_targets": [0.9045272469520569]}
{"type": "SampleBatch",