{"type": "SampleBatch", "obs": "BCJNGGhAiAAAAAAAAAAcggAAAFKABZV9AAEA8hmMEm51bXB5LmNvcmUubnVtZXJpY5SMC19mcm9tYnVmZmVylJOUKJYILgDBANV4EUCuR4E/lIwFOADxFpSMBWR0eXBllJOUjAJmNJSJiIeUUpQoSwOMATyUTk5OSv////8FAPAFSwB0lGJLAUsChpSMAUOUdJRSlC4AAAAA", "actions": [[-0.48207589983940125, 0.747649610042572]], "agent_index": [0], "action_logp": [0.0], "action_dist_inputs": [[-0.48207589983940125, 0.747649610042572, -0.11064489930868149, -1.06632399559021]], "vf_preds": [3.4788742065429688], "eps_id": [1878435402], "unroll_id": [0], "advantages": [-2.551297187805176], "value_targets": [0.9275771379470825]}
{"type": "SampleBatch", "obs": "BCJNGGhAiAAAAAAAAAAcggAAAFKABZV9AAEA8hmMEm51bXB5LmNvcmUubnVtZXJpY5SMC19mcm9tYnVmZmVylJOUKJYILgDBAI2XRkBmZoY/lIwFOADxFpSMBWR0eXBllJOUjAJmNJSJiIeUUpQoSwOMATyUTk5OSv////8FAPAFSwB0lGJLAUsChpSMAUOUdJRSlC4AAAAA", "actions": [[-0.4744006097316742, 0.8364665508270264]], "agent_index": [0], "action_logp": [0.0], "action_dist_inputs": [[-0.4744006097316742, 0.8364665508270264, -0.1261860430240631, -0.8325021266937256]], "vf_preds": [3.2997007369995117], "eps_id": [812955367], "unroll_id": [1], "advantages": [-2.3731184005737305], "value_targets": [0.926582396030426]}
{"type": "SampleBatch", "obs": "BCJNGGhAiAAAAAAAAAAcggAAAFKABZV9AAEA8hmMEm51bXB5LmNvcmUubnVtZXJpY5SMC19mcm9tYnVmZmVylJOUKJYILgDBAD81qkBmZuY+lIwFOADxFpSMBWR0eXBllJOUjAJmNJSJiIeUUpQoSwOMATyUTk5OSv////8FAPAFSwB0lGJLAUsChpSMAUOUdJRSlC4AAAAA", "actions": [[0.6001428365707397, 1.8879212141036987]], "agent_index": [0], "action_logp": [0.0], "action_dist_inputs": [[0.6001428365707397, 1.8879212141036987, 0.5088373422622681, 0.09481419622898102]], "vf_preds": [0.7212587594985962], "eps_id": [1072237600], "unroll_id": [2], "advantages": [-0.2048436403274536], "value_targets": [0.5164151191711426]}
{"type": "SampleBatch", "obs": "BCJNGGhAiAAAAAAAAAAcggAAAFKABZV9AAEA8hmMEm51bXB5LmNvcmUubnVtZXJpY5SMC19mcm9tYnVmZmVylJOUKJYILgDBAD81ykDsUbg+lIwFOADxFpSMBWR0eXBllJOUjAJmNJSJiIeUUpQoSwOMATyUTk5OSv////8FAPAFSwB0lGJLAUsChpSMAUOUdJRSlC4AAAAA", "actions": [[0.37964221835136414, 2.32511043548584]], "agent_index": [0], "action_logp": [0.0], "action_dist_inputs": [[0.37964221835136414, 2.32511043548584, 0.7375430464744568, 0.34183937311172485]], "vf_preds": [0.7212353944778442], "eps_id": [960691623], "unroll_id": [3], "advantages": [-0.25454312562942505], "value_targets": [0.4666922688484192]}
{"type": "SampleBatch", "obs": "BCJNGGhAiAAAAAAAAAAcggAAAFKABZV9AAEA8hmMEm51bXB5LmNvcmUubnVtZXJpY5SMC19mcm9tYnVmZmVylJOUKJYILgDBABfZHkDD9Sg/lIwFOADxFpSMBWR0eXBllJOUjAJmNJSJiIeUUpQoSwOMATyUTk5OSv////8FAPAFSwB0lGJLAUsChpSMAUOUdJRSlC4AAAAA", "actions": [[-0.24909789860248566, 1.2282942533493042]], "agent_index": [0], "action_logp": [0.0], "action_dist_inputs": [[-0.24909789860248566, 1.2282942533493042, 0.05077219754457474, -0.44892674684524536]], "vf_preds": [0.7491766214370728], "eps_id": [1297931042], "unroll_id": [4], "advantages": [0.04853588342666626], "value_targets": [0.797712504863739]}
{"type": "SampleBatch", "obs": "BCJNGGhAiAAAAAAAAAAcggAAAFKABZV9AAEA8hmMEm51bXB5LmNvcmUubnVtZXJpY5SMC19mcm9tYnVmZmVylJOUKJYILgDBANV4qUBI4To/lIwFOADxFpSMBWR0eXBllJOUjAJmNJSJiIeUUpQoSwOMATyUTk5OSv////8FAPAFSwB0lGJLAUsChpSMAUOUdJRSlC4AAAAA", "actions": [[-0.43957599997520447, 1.3216378688812256]], "agent_index": [0], "action_logp": [0.0], "action_dist_inputs": [[-0.43957599997520447, 1.3216378688812256, 0.4123638868331909, 0.0043653398752212524]], "vf_preds": [0.7212839126586914], "eps_id": [1904290799], "unroll_id": [5], "advantages": [0.10383224487304688], "value_targets": [0.8251161575317383]}
{"type": "SampleBatch", "obs": "BCJNGGhAiAAAAAAAAAAcggAAAFKABZV9AAEA8hmMEm51bXB5LmNvcmUubnVtZXJpY5SMC19mcm9tYnVmZmVylJOUKJYILgDBABfZ+kAzM3M/lIwFOADxFpSMBWR0eXBllJOUjAJmNJSJiIeUUpQoSwOMATyUTk5OSv////8FAPAFSwB0lGJLAUsChpSMAUOUdJRSlC4AAAAA", "actions": [[0.046155937016010284, 1.3984415531158447]], "agent_index": [0], "action_logp": [0.0], "action_dist_inputs": [[0.046155937016010284, 1.3984415531158447, 0.3596183955669403, -0.12973767518997192]], "vf_preds": [0.7212741374969482], "eps_id": [935406674], "unroll_id": [6], "advantages": [0.117398202419281], "value_targets": [0.8386723399162292]}
{"type": "SampleBatch", "obs": "BCJNGGhAiAAAAAAAAAAcggAAAFKABZV9AAEA8hmMEm51bXB5LmNvcmUubnVtZXJpY5SMC19mcm9tYnVmZmVylJOUKJYILgDBAFg5NED2KNw+lIwFOADxFpSMBWR0eXBllJOUjAJmNJSJiIeUUpQoSwOMATyUTk5OSv////8FAPAFSwB0lGJLAUsChpSMAUOUdJRSlC4AAAAA", "actions": [[-0.2219822257757187, 1.6315077543258667]], "agent_index": [0], "action_logp": [0.0], "action_dist_inputs": [[-0.2219822257757187, 1.6315077543258667, 0.5375960469245911, 0.24603092670440674]], "vf_preds": [0.72125244140625], "eps_id": [482711458], "unroll_id": [7], "advantages": [-0.2290528118610382], "value_targets": [0.4921996295452118]}
{"type": "SampleBatch", "obs": "BCJNGGhAiAAAAAAAAAAcggAAAFKABZV9AAEA8hmMEm51bXB5LmNvcmUubnVtZXJpY5SMC19mcm9tYnVmZmVylJOUKJYILgDBAArXU0CF69E+lIwFOADxFpSMBWR0eXBllJOUjAJmNJSJiIeUUpQoSwOMATyUTk5OSv////8FAPAFSwB0lGJLAUsChpSMAUOUdJRSlC4AAAAA", "actions": [[0.44231560826301575, 1.7447843551635742]], "agent_index": [0], "action_logp": [0.0], "action_dist_inputs": [[0.44231560826301575, 1.7447843551635742, 0.49317243695259094, 0.13190048933029175]], "vf_preds": [0.7212628126144409], "eps_id": [1490488877], "unroll_id": [8], "advantages": [-0.28618180751800537], "value_targets": [0.43508100509643555]}
{"type": "SampleBatch", "obs": "BCJNGGhAiAAAAAAAAAAcggAAAFKABZV9AAEA8hmMEm51bXB5LmNvcmUubnVtZXJpY5SMC19mcm9tYnVmZmVylJOUKJYILgDBAMdLl0D2KBw/lIwFOADxFpSMBWR0eXBllJOUjAJmNJSJiIeUUpQoSwOMATyUTk5OSv////8FAPAFSwB0lGJLAUsChpSMAUOUdJRSlC4AAAAA", "actions": [[0.014997794292867184, 1.4555126428604126]], "agent_index": [0], "action_logp": [0.0], "action_dist_inputs": [[0.014997794292867184, 1.4555126428604126, 0.42091843485832214, -0.01430337131023407]], "vf_preds": [0.7212777137756348], "eps_id": [1823890800], "unroll_id": [9], "advantages": [-0.0242498517036438], "value_targets": [0.697027862071991]}
