{"type": "SampleBatch", "obs": "BCJNGGhAiAAAAAAAAAAcggAAAFKABZV9AAEA8hmMEm51bXB5LmNvcmUubnVtZXJpY5SMC19mcm9tYnVmZmVylJOUKJYILgDBAI/C7UDD9ag+lIwFOADxFpSMBWR0eXBllJOUjAJmNJSJiIeUUpQoSwOMATyUTk5OSv////8FAPAFSwB0lGJLAUsChpSMAUOUdJRSlC4AAAAA", "actions": [[-0.6448397636413574, 0.7910662293434143]], "agent_index": [0], "action_logp": [-2.350621461868286], "action_dist_inputs": [[-0.008392037823796272, 0.004660057369619608, -0.002396608702838421, 0.006273018196225166]], "vf_preds": [-0.011664904654026031], "eps_id": [259026979], "unroll_id": [0], "advantages": [0.4902999997138977], "value_targets": [0.47863510251045227]}
{"type": "SampleBatch", "obs": "BCJNGGhAiAAAAAAAAAAcggAAAFKABZV9AAEA8hmMEm51bXB5LmNvcmUubnVtZXJpY5SMC19mcm9tYnVmZmVylJOUKJYILgDBAOxRvED2KNw+lIwFOADxFpSMBWR0eXBllJOUjAJmNJSJiIeUUpQoSwOMATyUTk5OSv////8FAPAFSwB0lGJLAUsChpSMAUOUdJRSlC4AAAAA", "actions": [[-1.368567943572998, -1.0883784294128418]], "agent_index": [0], "action_logp": [-3.660310745239258], "action_dist_inputs": [[0.4284893870353699, -0.0005104131996631622, 0.44974493980407715, 0.4967648386955261]], "vf_preds": [0.4377121031284332], "eps_id": [1514279215], "unroll_id": [1], "advantages": [-0.26258593797683716], "value_targets": [0.17512615025043488]}
{"type": "SampleBatch", "obs": "BCJNGGhAiAAAAAAAAAAcggAAAFKABZV9AAEA8hmMEm51bXB5LmNvcmUubnVtZXJpY5SMC19mcm9tYnVmZmVylJOUKJYILgDBADEIbEDhehQ/lIwFOADxFpSMBWR0eXBllJOUjAJmNJSJiIeUUpQoSwOMATyUTk5OSv////8FAPAFSwB0lGJLAUsChpSMAUOUdJRSlC4AAAAA", "actions": [[1.1039085388183594, 1.006940484046936]], "agent_index": [0], "action_logp": [-2.645854949951172], "action_dist_inputs": [[0.23929306864738464, 0.37567558884620667, 0.2662278115749359, 0.18452201783657074]], "vf_preds": [0.8555843234062195], "eps_id": [783399057], "unroll_id": [2], "advantages": [-0.2331002950668335], "value_targets": [0.622484028339386]}
{"type": "SampleBatch", "obs": "BCJNGGhAiAAAAAAAAAAcggAAAFKABZV9AAEA8hmMEm51bXB5LmNvcmUubnVtZXJpY5SMC19mcm9tYnVmZmVylJOUKJYILgDBALgexUC4HkU/lIwFOADxFpSMBWR0eXBllJOUjAJmNJSJiIeUUpQoSwOMATyUTk5OSv////8FAPAFSwB0lGJLAUsChpSMAUOUdJRSlC4AAAAA", "actions": [[-0.2970113754272461, 2.576784372329712]], "agent_index": [0], "action_logp": [-4.591034889221191], "action_dist_inputs": [[0.03661442920565605, 0.22715860605239868, 0.5574981570243835, 0.15571413934230804]], "vf_preds": [0.6169919371604919], "eps_id": [1303688736], "unroll_id": [3], "advantages": [0.3555724620819092], "value_targets": [0.9725643992424011]}
{"type": "SampleBatch", "obs": "BCJNGGhAiAAAAAAAAAAcggAAAFKABZV9AAEA8hmMEm51bXB5LmNvcmUubnVtZXJpY5SMC19mcm9tYnVmZmVylJOUKJYILgDBABSu40A9Clc/lIwFOADxFpSMBWR0eXBllJOUjAJmNJSJiIeUUpQoSwOMATyUTk5OSv////8FAPAFSwB0lGJLAUsChpSMAUOUdJRSlC4AAAAA", "actions": [[-1.571985125541687, 0.7354586720466614]], "agent_index": [0], "action_logp": [-3.1677021980285645], "action_dist_inputs": [[-0.47277912497520447, 0.7483630180358887, 0.5521599650382996, 0.5774093270301819]], "vf_preds": [0.6616533994674683], "eps_id": [1542520534], "unroll_id": [4], "advantages": [0.30702775716781616], "value_targets": [0.9686811566352844]}
{"type": "SampleBatch", "obs": "BCJNGGhAiAAAAAAAAAAcggAAAFKABZV9AAEA8hmMEm51bXB5LmNvcmUubnVtZXJpY5SMC19mcm9tYnVmZmVylJOUKJYILgDBAMUg6EAK16M+lIwFOADxFpSMBWR0eXBllJOUjAJmNJSJiIeUUpQoSwOMATyUTk5OSv////8FAPAFSwB0lGJLAUsChpSMAUOUdJRSlC4AAAAA", "actions": [[2.5026183128356934, 1.7905303239822388]], "agent_index": [0], "action_logp": [-4.1576433181762695], "action_dist_inputs": [[0.22256433963775635, 1.5022354125976562, 0.6776065230369568, 0.965791642665863]], "vf_preds": [-0.04056569188833237], "eps_id": [1722238103], "unroll_id": [5], "advantages": [0.45886144042015076], "value_targets": [0.4182957410812378]}
{"type": "SampleBatch", "obs": "BCJNGGhAiAAAAAAAAAAcggAAAFKABZV9AAEA8hmMEm51bXB5LmNvcmUubnVtZXJpY5SMC19mcm9tYnVmZmVylJOUKJYILgDBAHNo/UC4HoU+lIwFOADxFpSMBWR0eXBllJOUjAJmNJSJiIeUUpQoSwOMATyUTk5OSv////8FAPAFSwB0lGJLAUsChpSMAUOUdJRSlC4AAAAA", "actions": [[-0.0972522497177124, 3.8978748321533203]], "agent_index": [0], "action_logp": [-3.9150028228759766], "action_dist_inputs": [[1.1495144367218018, 1.9433094263076782, 0.7054187655448914, 0.7835996150970459]], "vf_preds": [0.35369235277175903], "eps_id": [1691084634], "unroll_id": [6], "advantages": [0.04228934645652771], "value_targets": [0.39598169922828674]}
{"type": "SampleBatch", "obs": "BCJNGGhAiAAAAAAAAAAcggAAAFKABZV9AAEA8hmMEm51bXB5LmNvcmUubnVtZXJpY5SMC19mcm9tYnVmZmVylJOUKJYILgDBAE5iaECF69E+lIwFOADxFpSMBWR0eXBllJOUjAJmNJSJiIeUUpQoSwOMATyUTk5OSv////8FAPAFSwB0lGJLAUsChpSMAUOUdJRSlC4AAAAA", "actions": [[-4.630720138549805, 1.1814980506896973]], "agent_index": [0], "action_logp": [-5.8722028732299805], "action_dist_inputs": [[-0.6970955729484558, 1.416614294052124, 0.49818384647369385, 0.6724092364311218]], "vf_preds": [0.4528583288192749], "eps_id": [140439346], "unroll_id": [7], "advantages": [-0.001223146915435791], "value_targets": [0.4516351819038391]}
{"type": "SampleBatch", "obs": "BCJNGGhAiAAAAAAAAAAcggAAAFKABZV9AAEA8hmMEm51bXB5LmNvcmUubnVtZXJpY5SMC19mcm9tYnVmZmVylJOUKJYILgDBAHE9IkDD9Sg/lIwFOADxFpSMBWR0eXBllJOUjAJmNJSJiIeUUpQoSwOMATyUTk5OSv////8FAPAFSwB0lGJLAUsChpSMAUOUdJRSlC4AAAAA", "actions": [[-0.6243988275527954, -0.22531750798225403]], "agent_index": [0], "action_logp": [-2.9149422645568848], "action_dist_inputs": [[-0.31972071528434753, 0.43241313099861145, 0.5512083172798157, 0.4163857102394104]], "vf_preds": [0.6614246368408203], "eps_id": [1578944683], "unroll_id": [8], "advantages": [0.03110039234161377], "value_targets": [0.6925250291824341]}
{"type": "SampleBatch", "obs": "BCJNGGhAiAAAAAAAAAAcggAAAFKABZV9AAEA8hmMEm51bXB5LmNvcmUubnVtZXJpY5SMC19mcm9tYnVmZmVylJOUKJYILgDBAKAao0D2KFw/lIwFOADxFpSMBWR0eXBllJOUjAJmNJSJiIeUUpQoSwOMATyUTk5OSv////8FAPAFSwB0lGJLAUsChpSMAUOUdJRSlC4AAAAA", "actions": [[-2.2256410121917725, 1.3730790615081787]], "agent_index": [0], "action_logp": [-3.240236759185791], "action_dist_inputs": [[-0.7441006898880005, 0.8638747930526733, 0.5288903713226318, 0.43845537304878235]], "vf_preds": [0.628413200378418], "eps_id": [20099533], "unroll_id": [9], "advantages": [3.342336654663086], "value_targets": [3.970749855041504]}
{"type": "SampleBatch", "obs": "BCJNGGhAiAAAAAAAAAAcggAAAFKABZV9AAEA8hmMEm51bXB5LmNvcmUubnVtZXJpY5SMC19mcm9tYnVmZmVylJOUKJYILgDBAPp+okC4HgU/lIwFOADxFpSMBWR0eXBllJOUjAJmNJSJiIeUUpQoSwOMATyUTk5OSv////8FAPAFSwB0lGJLAUsChpSMAUOUdJRSlC4AAAAA", "actions": [[-0.14505913853645325, 3.6069841384887695]], "agent_index": [0], "action_logp": [-3.568791627883911], "action_dist_inputs": [[-0.5733577609062195, 1.73215651512146, 0.5716617107391357, 0.590284526348114]], "vf_preds": [2.268857479095459], "eps_id": [1194427517], "unroll_id": [10], "advantages": [-1.638146162033081], "value_targets": [0.6307113766670227]}
{"type": "SampleBatch", "obs": "BCJNGGhAiAAAAAAAAAAcggAAAFKABZV9AAEA8hmMEm51bXB5LmNvcmUubnVtZXJpY5SMC19mcm9tYnVmZmVylJOUKJYILgDBALpJLEC4HoU+lIwFOADxFpSMBWR0eXBllJOUjAJmNJSJiIeUUpQoSwOMATyUTk5OSv////8FAPAFSwB0lGJLAUsChpSMAUOUdJRSlC4AAAAA", "actions": [[-0.369206041097641, 3.2735655307769775]], "agent_index": [0], "action_logp": [-3.2792348861694336], "action_dist_inputs": [[-0.7876994013786316, 1.8595547676086426, 0.44366320967674255, 0.7290060520172119]], "vf_preds": [0.3404763638973236], "eps_id": [1833324579], "unroll_id": [11], "advantages": [-0.04255831241607666], "value_targets": [0.29791805148124695]}
{"type": "SampleBatch", "obs": "BCJNGGhAiAAAAAAAAAAcggAAAFKABZV9AAEA8hmMEm51bXB5LmNvcmUubnVtZXJpY5SMC19mcm9tYnVmZmVylJOUKJYILgDBADEIZEAzMzM/lIwFOADxFpSMBWR0eXBllJOUjAJmNJSJiIeUUpQoSwOMATyUTk5OSv////8FAPAFSwB0lGJLAUsChpSMAUOUdJRSlC4AAAAA", "actions": [[2.0999720096588135, 0.7310535907745361]], "agent_index": [0], "action_logp": [-4.12686824798584], "action_dist_inputs": [[-0.5845401883125305, 0.4330359697341919, 0.45840755105018616, 0.3687792122364044]], "vf_preds": [1.0160020589828491], "eps_id": [1258476929], "unroll_id": [12], "advantages": [-0.277538001537323], "value_targets": [0.7384640574455261]}
{"type": "SampleBatch",